Band,Times
Alter Bridge,2
Rise Against,1
Bad Religion,1
Megadeth,1
Marilyn Manson,1
Trivium,1
Black Label Society,1
NOFX,1
The xx,1
Tegan and Sara,1
Josh Ritter,1
Amorphis,1
Hollywood Undead,1
Alkaline Trio,1
Icon for Hire,1
Halestorm,1
Tift Merritt,1
Caliban,1
Sôber,1
Soulfly,1
3 Inches of Blood,1
Esoterica,1
Ider,1
Joan Dausà i els tipus d'interès,1
Coliseum,1
Herman Li,1
The Black Dahlia Murder,1
Necrophobic,1
Snuff,1
Lagwagon,1
Crobot,1
Obscura,1
Ingested,1
The Faceless,1
Carnifex,1
Upon a Burning Body,1
Incite,1
Saratoga,1
Laments Of Silence,1
Mägo de Oz,1
Gnarwolves,1
Eldorado,1
Vortice,1
Mechanical Fish,1
John Talabot,1
Starkill,1
Black Tusk,1
Avalot,2
